inventory_id,vehicle_id,dealership_id,status
I0001,V0001,D018,IN_TRANSIT
I0002,V0002,D013,IN_TRANSIT
I0003,V0003,D014,IN_STOCK
I0004,V0004,D015,IN_STOCK
I0005,V0005,D001,IN_TRANSIT
I0006,V0006,D018,IN_STOCK
I0007,V0007,D012,SOLD
I0008,V0008,D018,SOLD
I0009,V0009,D003,SOLD
I0010,V0010,D012,SOLD
I0011,V0011,D007,IN_TRANSIT
I0012,V0012,D013,IN_TRANSIT
I0013,V0013,D011,IN_TRANSIT
I0014,V0014,D003,IN_STOCK
I0015,V0015,D019,IN_STOCK
I0016,V0016,D015,IN_TRANSIT
I0017,V0017,D017,SOLD
I0018,V0018,D012,IN_STOCK
I0019,V0019,D005,SOLD
I0020,V0020,D008,IN_STOCK
I0021,V0021,D001,SOLD
I0022,V0022,D001,IN_STOCK
I0023,V0023,D019,SOLD
I0024,V0024,D006,SOLD
I0025,V0025,D003,SOLD
I0026,V0026,D019,IN_TRANSIT
I0027,V0027,D018,SOLD
I0028,V0028,D006,SOLD
I0029,V0029,D012,IN_TRANSIT
I0030,V0030,D019,IN_STOCK
I0031,V0031,D016,IN_STOCK
I0032,V0032,D002,IN_TRANSIT
I0033,V0033,D020,IN_STOCK
I0034,V0034,D012,SOLD
I0035,V0035,D004,IN_STOCK
I0036,V0036,D017,IN_TRANSIT
I0037,V0037,D013,IN_TRANSIT
I0038,V0038,D010,IN_TRANSIT
I0039,V0039,D008,IN_TRANSIT
I0040,V0040,D001,SOLD
I0041,V0041,D007,IN_TRANSIT
I0042,V0042,D009,SOLD
I0043,V0043,D011,SOLD
I0044,V0044,D001,IN_TRANSIT
I0045,V0045,D002,SOLD
I0046,V0046,D003,SOLD
I0047,V0047,D011,IN_STOCK
I0048,V0048,D016,IN_STOCK
I0049,V0049,D011,IN_TRANSIT
I0050,V0050,D016,IN_STOCK
I0051,V0051,D008,SOLD
I0052,V0052,D017,IN_STOCK
I0053,V0053,D002,SOLD
I0054,V0054,D002,IN_TRANSIT
I0055,V0055,D008,IN_STOCK
I0056,V0056,D010,SOLD
I0057,V0057,D001,IN_TRANSIT
I0058,V0058,D002,SOLD
I0059,V0059,D019,IN_TRANSIT
I0060,V0060,D019,IN_TRANSIT
I0061,V0061,D010,SOLD
I0062,V0062,D006,IN_STOCK
I0063,V0063,D010,IN_TRANSIT
I0064,V0064,D012,SOLD
I0065,V0065,D013,IN_STOCK
I0066,V0066,D002,SOLD
I0067,V0067,D003,IN_TRANSIT
I0068,V0068,D011,IN_TRANSIT
I0069,V0069,D017,IN_TRANSIT
I0070,V0070,D012,IN_TRANSIT
I0071,V0071,D010,IN_TRANSIT
I0072,V0072,D002,SOLD
I0073,V0073,D015,IN_STOCK
I0074,V0074,D013,IN_STOCK
I0075,V0075,D014,IN_TRANSIT
I0076,V0076,D013,SOLD
I0077,V0077,D012,SOLD
I0078,V0078,D001,SOLD
I0079,V0079,D002,SOLD
I0080,V0080,D020,IN_TRANSIT
I0081,V0081,D020,SOLD
I0082,V0082,D013,IN_TRANSIT
I0083,V0083,D012,SOLD
I0084,V0084,D002,SOLD
I0085,V0085,D016,SOLD
I0086,V0086,D003,IN_STOCK
I0087,V0087,D013,IN_TRANSIT
I0088,V0088,D017,SOLD
I0089,V0089,D018,IN_STOCK
I0090,V0090,D001,IN_STOCK
I0091,V0091,D008,IN_TRANSIT
I0092,V0092,D010,IN_TRANSIT
I0093,V0093,D020,SOLD
I0094,V0094,D013,IN_TRANSIT
I0095,V0095,D020,IN_STOCK
I0096,V0096,D007,SOLD
I0097,V0097,D011,IN_TRANSIT
I0098,V0098,D007,SOLD
I0099,V0099,D002,IN_TRANSIT
I0100,V0100,D004,IN_STOCK
I0101,V0101,D006,IN_TRANSIT
I0102,V0102,D016,SOLD
I0103,V0103,D001,IN_STOCK
I0104,V0104,D013,IN_TRANSIT
I0105,V0105,D014,IN_TRANSIT
I0106,V0106,D007,IN_TRANSIT
I0107,V0107,D006,IN_TRANSIT
I0108,V0108,D003,IN_STOCK
I0109,V0109,D017,IN_STOCK
I0110,V0110,D013,IN_TRANSIT
I0111,V0111,D018,IN_TRANSIT
I0112,V0112,D012,SOLD
I0113,V0113,D003,IN_TRANSIT
I0114,V0114,D008,SOLD
I0115,V0115,D013,IN_TRANSIT
I0116,V0116,D013,SOLD
I0117,V0117,D019,SOLD
I0118,V0118,D018,SOLD
I0119,V0119,D017,IN_STOCK
I0120,V0120,D015,SOLD
I0121,V0121,D009,IN_TRANSIT
I0122,V0122,D011,IN_TRANSIT
I0123,V0123,D018,IN_TRANSIT
I0124,V0124,D013,IN_STOCK
I0125,V0125,D003,SOLD
I0126,V0126,D018,IN_TRANSIT
I0127,V0127,D019,IN_TRANSIT
I0128,V0128,D017,SOLD
I0129,V0129,D002,SOLD
I0130,V0130,D020,IN_STOCK
I0131,V0131,D014,SOLD
I0132,V0132,D017,SOLD
I0133,V0133,D018,IN_TRANSIT
I0134,V0134,D005,IN_TRANSIT
I0135,V0135,D012,SOLD
I0136,V0136,D008,SOLD
I0137,V0137,D006,IN_STOCK
I0138,V0138,D012,IN_STOCK
I0139,V0139,D017,IN_STOCK
I0140,V0140,D010,IN_TRANSIT
I0141,V0141,D014,IN_TRANSIT
I0142,V0142,D014,IN_STOCK
I0143,V0143,D017,SOLD
I0144,V0144,D006,SOLD
I0145,V0145,D009,SOLD
I0146,V0146,D010,IN_TRANSIT
I0147,V0147,D001,SOLD
I0148,V0148,D007,SOLD
I0149,V0149,D004,SOLD
I0150,V0150,D015,IN_TRANSIT
I0151,V0151,D007,IN_STOCK
I0152,V0152,D017,SOLD
I0153,V0153,D020,IN_TRANSIT
I0154,V0154,D017,IN_STOCK
I0155,V0155,D020,IN_STOCK
I0156,V0156,D017,SOLD
I0157,V0157,D015,SOLD
I0158,V0158,D011,SOLD
I0159,V0159,D010,SOLD
I0160,V0160,D003,IN_TRANSIT
I0161,V0161,D011,IN_TRANSIT
I0162,V0162,D002,IN_STOCK
I0163,V0163,D013,IN_TRANSIT
I0164,V0164,D018,IN_TRANSIT
I0165,V0165,D008,SOLD
I0166,V0166,D012,SOLD
I0167,V0167,D006,SOLD
I0168,V0168,D011,SOLD
I0169,V0169,D010,IN_STOCK
I0170,V0170,D008,SOLD
I0171,V0171,D011,IN_STOCK
I0172,V0172,D019,IN_TRANSIT
I0173,V0173,D010,SOLD
I0174,V0174,D006,IN_STOCK
I0175,V0175,D007,IN_TRANSIT
I0176,V0176,D008,IN_STOCK
I0177,V0177,D019,SOLD
I0178,V0178,D008,IN_STOCK
I0179,V0179,D010,SOLD
I0180,V0180,D001,IN_TRANSIT
I0181,V0181,D004,IN_STOCK
I0182,V0182,D010,IN_STOCK
I0183,V0183,D020,IN_STOCK
I0184,V0184,D012,IN_TRANSIT
I0185,V0185,D020,IN_TRANSIT
I0186,V0186,D017,IN_STOCK
I0187,V0187,D004,SOLD
I0188,V0188,D002,SOLD
I0189,V0189,D002,IN_STOCK
I0190,V0190,D001,IN_STOCK
I0191,V0191,D020,IN_TRANSIT
I0192,V0192,D006,IN_STOCK
I0193,V0193,D014,IN_STOCK
I0194,V0194,D014,IN_STOCK
I0195,V0195,D015,IN_STOCK
I0196,V0196,D006,IN_STOCK
I0197,V0197,D017,SOLD
I0198,V0198,D019,IN_TRANSIT
I0199,V0199,D020,IN_STOCK
I0200,V0200,D010,IN_STOCK
I0201,V0201,D008,IN_TRANSIT
I0202,V0202,D019,IN_STOCK
I0203,V0203,D013,SOLD
I0204,V0204,D015,IN_TRANSIT
I0205,V0205,D004,IN_TRANSIT
I0206,V0206,D002,SOLD
I0207,V0207,D001,IN_TRANSIT
I0208,V0208,D015,IN_STOCK
I0209,V0209,D017,SOLD
I0210,V0210,D008,IN_TRANSIT
I0211,V0211,D013,SOLD
I0212,V0212,D009,SOLD
I0213,V0213,D002,IN_STOCK
I0214,V0214,D002,SOLD
I0215,V0215,D002,IN_TRANSIT
I0216,V0216,D004,SOLD
I0217,V0217,D008,IN_TRANSIT
I0218,V0218,D001,SOLD
I0219,V0219,D006,SOLD
I0220,V0220,D015,IN_TRANSIT
I0221,V0221,D008,IN_STOCK
I0222,V0222,D012,SOLD
I0223,V0223,D016,IN_STOCK
I0224,V0224,D010,SOLD
I0225,V0225,D006,SOLD
I0226,V0226,D009,IN_TRANSIT
I0227,V0227,D015,IN_STOCK
I0228,V0228,D014,IN_TRANSIT
I0229,V0229,D002,SOLD
I0230,V0230,D004,IN_STOCK
I0231,V0231,D017,SOLD
I0232,V0232,D007,IN_STOCK
I0233,V0233,D005,IN_TRANSIT
I0234,V0234,D016,IN_TRANSIT
I0235,V0235,D008,SOLD
I0236,V0236,D017,SOLD
I0237,V0237,D011,SOLD
I0238,V0238,D007,IN_STOCK
I0239,V0239,D008,IN_TRANSIT
I0240,V0240,D006,IN_STOCK
I0241,V0241,D013,IN_TRANSIT
I0242,V0242,D018,SOLD
I0243,V0243,D018,SOLD
I0244,V0244,D002,IN_STOCK
I0245,V0245,D006,IN_STOCK
I0246,V0246,D013,SOLD
I0247,V0247,D016,IN_TRANSIT
I0248,V0248,D017,SOLD
I0249,V0249,D019,IN_TRANSIT
I0250,V0250,D009,SOLD
I0251,V0251,D019,IN_TRANSIT
I0252,V0252,D018,IN_TRANSIT
I0253,V0253,D004,SOLD
I0254,V0254,D017,IN_STOCK
I0255,V0255,D004,IN_STOCK
I0256,V0256,D005,SOLD
I0257,V0257,D016,IN_STOCK
I0258,V0258,D019,SOLD
I0259,V0259,D010,IN_STOCK
I0260,V0260,D009,IN_TRANSIT
I0261,V0261,D006,SOLD
I0262,V0262,D006,IN_STOCK
I0263,V0263,D019,IN_TRANSIT
I0264,V0264,D019,SOLD
I0265,V0265,D020,IN_STOCK
I0266,V0266,D018,SOLD
I0267,V0267,D018,IN_STOCK
I0268,V0268,D019,SOLD
I0269,V0269,D014,SOLD
I0270,V0270,D019,IN_TRANSIT
I0271,V0271,D014,SOLD
I0272,V0272,D011,IN_TRANSIT
I0273,V0273,D013,SOLD
I0274,V0274,D008,IN_TRANSIT
I0275,V0275,D017,SOLD
I0276,V0276,D015,IN_TRANSIT
I0277,V0277,D019,IN_STOCK
I0278,V0278,D014,SOLD
I0279,V0279,D009,SOLD
I0280,V0280,D017,IN_STOCK
I0281,V0281,D014,IN_STOCK
I0282,V0282,D001,IN_TRANSIT
I0283,V0283,D006,IN_STOCK
I0284,V0284,D019,IN_TRANSIT
I0285,V0285,D011,IN_STOCK
I0286,V0286,D007,SOLD
I0287,V0287,D011,IN_TRANSIT
I0288,V0288,D019,IN_STOCK
I0289,V0289,D011,IN_TRANSIT
I0290,V0290,D006,IN_TRANSIT
I0291,V0291,D013,SOLD
I0292,V0292,D008,IN_STOCK
I0293,V0293,D007,IN_STOCK
I0294,V0294,D008,IN_TRANSIT
I0295,V0295,D012,IN_TRANSIT
I0296,V0296,D003,IN_TRANSIT
I0297,V0297,D017,IN_STOCK
I0298,V0298,D010,IN_STOCK
I0299,V0299,D014,IN_TRANSIT
I0300,V0300,D015,SOLD
